node1_path,node1_summary,node2_path,node2_summary,similarity
\scikit-learn-main\examples\bicluster\plot_spectral_biclustering.py,"Demonstration of Spectral Biclustering: This example illustrates the generation of a checkerboard dataset and its biclustering using the Spectral Biclustering algorithm, showcasing how to identify localized structures in data by simultaneously clustering rows and columns of a matrix.",\scikit-learn-main\examples\bicluster\plot_spectral_coclustering.py,Demonstration of the Spectral Co-Clustering algorithm: This example illustrates the generation of a dataset with biclusters and the application of the Spectral Co-Clustering algorithm to identify and visualize these biclusters effectively.,0.8293
\scikit-learn-main\examples\bicluster\plot_spectral_coclustering.py,Demonstration of the Spectral Co-Clustering algorithm: This example illustrates the generation of a dataset with biclusters and the application of the Spectral Co-Clustering algorithm to identify and visualize these biclusters effectively.,\scikit-learn-main\sklearn\cluster\_bicluster.py,"The provided content describes a series of functions and classes related to spectral biclustering, including normalization techniques for matrices, parameter validation, and methods for fitting models and performing clustering, ultimately facilitating the discovery of biclusters in data through various algorithms and approaches.",0.8183
\scikit-learn-main\examples\calibration\plot_calibration.py,"The content discusses the importance of probability calibration in classifiers, comparing the performance of Gaussian Naive Bayes with and without calibration methods (sigmoid and isotonic) using Brier's score to evaluate the accuracy of predicted probabilities.",\scikit-learn-main\sklearn\calibration.py,"Class `CalibratedClassifierCV`: A model that enhances classifier probability accuracy through calibration methods and cross-validation, with associated methods for fitting, predicting, and visualizing calibration performance.",0.8049
\scikit-learn-main\examples\calibration\plot_calibration_curve.py,"Class NaivelyCalibratedLinearSVC: A LinearSVC model that naively scales the output of the decision function to probabilities for binary classification, with an overridden fit method to compute and store the decision function's minimum and maximum values.",\scikit-learn-main\examples\calibration\plot_compare_calibration.py,"Class NaivelyCalibratedLinearSVC: A LinearSVC that naively calibrates the `predict_proba` method by scaling the decision function output to a [0,1] range, with a custom fit method to store the necessary minimum and maximum values.",0.8378
\scikit-learn-main\examples\cluster\plot_affinity_propagation.py,"The provided code demonstrates the implementation of the Affinity Propagation clustering algorithm using sample data, evaluating clustering performance metrics, and visualizing the resulting clusters.",\scikit-learn-main\sklearn\cluster\tests\test_affinity_propagation.py,"Multiple test functions for the Affinity Propagation algorithm that verify clustering consistency, behavior with various input types, convergence, and exception handling across different scenarios.",0.8446
\scikit-learn-main\examples\cluster\plot_affinity_propagation.py,"The provided code demonstrates the implementation of the Affinity Propagation clustering algorithm using sample data, evaluating clustering performance metrics, and visualizing the resulting clusters.",\scikit-learn-main\sklearn\cluster\_affinity_propagation.py,"Functions and class related to Affinity Propagation Clustering: They implement methods for checking equality of preferences and similarities, execute the clustering algorithm with customizable parameters, and provide functionalities for fitting the model, predicting clusters, and managing initialization options.",0.8395
\scikit-learn-main\examples\cluster\plot_bisect_kmeans.py,"This example compares the performance of Regular K-Means and Bisecting K-Means algorithms, highlighting that Bisecting K-Means tends to produce clusters with a more structured organization, as evidenced by a clear dividing line in the data visualization.",\scikit-learn-main\sklearn\cluster\tests\test_bisect_k_means.py,"Collection of unit tests for the Bisecting K-Means algorithm, verifying its performance, consistency, and behavior across various scenarios including clustering accuracy, data types, and handling of edge cases.",0.8519
\scikit-learn-main\examples\cluster\plot_dbscan.py,"The content provides a demonstration of the DBSCAN clustering algorithm, illustrating its ability to identify clusters in data with varying densities, along with visualizations and evaluation metrics for assessing clustering performance.",\scikit-learn-main\sklearn\cluster\tests\test_dbscan.py,"Multiple test functions evaluate the DBSCAN clustering algorithm across various scenarios, including similarity matrices, feature vectors, sparse and dense matrices, input validation, and the handling of core samples and sample weights, ensuring consistent and correct clustering results.",0.8622
\scikit-learn-main\examples\cluster\plot_dbscan.py,"The content provides a demonstration of the DBSCAN clustering algorithm, illustrating its ability to identify clusters in data with varying densities, along with visualizations and evaluation metrics for assessing clustering performance.",\scikit-learn-main\sklearn\cluster\_dbscan.py,"The `DBSCAN` class and its associated functions implement the DBSCAN clustering algorithm, allowing for the grouping of data points based on proximity with customizable parameters for distance measurement, clustering behavior, and handling of noise and varying densities.",0.8289
\scikit-learn-main\examples\cluster\plot_digits_linkage.py,"Function `plot_clustering`: A visualization tool for displaying clustered data points in a 2D scatter plot format, allowing for customizable titles and axis settings.",\scikit-learn-main\examples\cluster\plot_hdbscan.py,"Function `plot`: A visualization function that displays data points in a 2D space, color-coded by labels and sized by probabilities, with optional cluster and parameter indications.",0.8203
\scikit-learn-main\examples\cluster\plot_kmeans_stability_low_dim_dense.py,"Function `make_data`: Creates a synthetic dataset of clustered samples using defined parameters such as random state, sample count per center, grid size, and noise level.",\scikit-learn-main\sklearn\cluster\tests\common.py,Function `generate_clustered_data`: Creates clustered data points around specified means with added randomness for testing clustering algorithms.,0.8236
\scikit-learn-main\examples\cluster\plot_optics.py,"The provided content demonstrates the OPTICS clustering algorithm from scikit-learn, showcasing how it identifies core samples of varying densities and how different thresholds in DBSCAN can recover the clusters formed by OPTICS.",\scikit-learn-main\sklearn\cluster\tests\test_optics.py,"A series of test functions designed to validate the behavior and accuracy of the OPTICS clustering algorithm and its related methods, ensuring proper handling of various conditions, error cases, and comparisons with other clustering frameworks.",0.8377
\scikit-learn-main\examples\cluster\plot_optics.py,"The provided content demonstrates the OPTICS clustering algorithm from scikit-learn, showcasing how it identifies core samples of varying densities and how different thresholds in DBSCAN can recover the clusters formed by OPTICS.",\scikit-learn-main\sklearn\cluster\_optics.py,"Class `OPTICS`: A clustering algorithm designed to identify the structure of data through core samples and variable neighborhood radii, accompanied by various methods for initialization, fitting, validation, and cluster extraction.",0.8309
\scikit-learn-main\examples\covariance\plot_covariance_estimation.py,"The content discusses the comparison of different methods for shrinkage covariance estimation, specifically examining the performance of the Ledoit-Wolf, OAS, and maximum likelihood estimators, while illustrating how to choose the optimal regularization parameter to balance bias and variance.",\scikit-learn-main\examples\covariance\plot_lw_vs_oas.py,"The content compares the performance of Ledoit-Wolf and OAS covariance estimation methods using simulated Gaussian data, illustrating their mean squared error and shrinkage coefficients through visual plots.",0.8117
\scikit-learn-main\examples\covariance\plot_covariance_estimation.py,"The content discusses the comparison of different methods for shrinkage covariance estimation, specifically examining the performance of the Ledoit-Wolf, OAS, and maximum likelihood estimators, while illustrating how to choose the optimal regularization parameter to balance bias and variance.",\scikit-learn-main\sklearn\covariance\_shrunk_covariance.py,"Functions and classes for estimating shrunk covariance matrices using Ledoit-Wolf and Oracle Approximating Shrinkage methods, with options for data centering and precision storage to enhance estimation accuracy.",0.8478
\scikit-learn-main\examples\decomposition\plot_incremental_pca.py,"Incremental PCA (IPCA) is a memory-efficient alternative to traditional PCA, designed for large datasets, and this example demonstrates its ability to produce similar projections to PCA while processing data in smaller batches.",\scikit-learn-main\sklearn\decomposition\tests\test_incremental_pca.py,"A series of unit tests for the Incremental PCA implementation that validate its functionality, performance, and correctness against standard PCA, while checking various properties such as covariance, precision, and error handling for different input scenarios.",0.8065
\scikit-learn-main\examples\decomposition\plot_incremental_pca.py,"Incremental PCA (IPCA) is a memory-efficient alternative to traditional PCA, designed for large datasets, and this example demonstrates its ability to produce similar projections to PCA while processing data in smaller batches.",\scikit-learn-main\sklearn\decomposition\_incremental_pca.py,"Class `IncrementalPCA`: A memory-efficient implementation of incremental principal components analysis that enables linear dimensionality reduction through batch processing, with methods for initialization, fitting, incremental fitting, and transforming data.",0.8614
\scikit-learn-main\examples\decomposition\plot_pca_iris.py,This example demonstrates the application of Principal Component Analysis (PCA) on the Iris dataset to reduce its four features into three dimensions for improved visualization and differentiation among the three iris species.,\scikit-learn-main\examples\decomposition\plot_pca_vs_lda.py,"The content compares the effectiveness of Principal Component Analysis (PCA) and Linear Discriminant Analysis (LDA) in projecting the Iris dataset into 2D space, highlighting PCA's focus on variance in the data and LDA's emphasis on class separation.",0.8113
\scikit-learn-main\examples\ensemble\plot_forest_importances.py,"The content demonstrates the evaluation of feature importances using a random forest classifier on a synthetic dataset, highlighting that three features are informative while illustrating the differences between impurity-based and permutation-based importance metrics.",\scikit-learn-main\examples\inspection\plot_permutation_importance.py,"This example compares impurity-based feature importance from a Random Forest Classifier with permutation importance on the Titanic dataset, highlighting the limitations of impurity-based measures, particularly their bias towards high cardinality features and reliance on training set statistics, while demonstrating how permutation importance provides a more reliable assessment of feature significance.",0.8575
\scikit-learn-main\examples\ensemble\plot_forest_iris.py,"The provided code visualizes the decision surfaces of various tree-based ensemble classifiers, including Decision Trees, Random Forests, Extra Trees, and AdaBoost, on different feature pairs of the Iris dataset, illustrating their performance and decision boundaries.",\scikit-learn-main\examples\tree\plot_iris_dtc.py,"The content describes a procedure for plotting the decision surfaces of decision trees trained on pairs of features from the iris dataset, along with visualizing the structure of a decision tree that incorporates all features.",0.8564
\scikit-learn-main\examples\ensemble\plot_isolation_forest.py,"Example demonstrating the use of the IsolationForest class from scikit-learn for anomaly detection, including data generation, model training, and visualization of decision boundaries for identifying outliers and inliers.",\scikit-learn-main\sklearn\ensemble\_iforest.py,"Class `IsolationForest`: An implementation of the Isolation Forest algorithm for anomaly detection, accompanied by various functions for model fitting, prediction, and score computation, including parallel processing and optimization techniques for efficiency.",0.8237
\scikit-learn-main\examples\exercises\plot_iris_exercise.py,"SVM Exercise: A tutorial demonstrating the application of different SVM kernels on the Iris dataset, including model fitting and visualization of decision boundaries.",\scikit-learn-main\examples\svm\plot_iris_svc.py,"The content demonstrates how to visualize the decision boundaries of different SVM classifiers using the iris dataset, comparing linear and non-linear kernels while highlighting their distinct characteristics and implications for classification.",0.8685
\scikit-learn-main\examples\feature_selection\plot_rfe_with_cross_validation.py,Recursive Feature Elimination (RFE) with cross-validation is demonstrated through a classification task that identifies the optimal number of informative features while managing the effects of redundant features on model performance.,\scikit-learn-main\sklearn\feature_selection\tests\test_rfe.py,"Class `MockClassifier`: A dummy classifier for testing recursive feature elimination, featuring methods for fitting, predicting, and scoring, along with a suite of test functions that validate the functionality and performance of Recursive Feature Elimination (RFE) and Recursive Feature Elimination with Cross-Validation (RFECV) using various classifiers and datasets.",0.8166
\scikit-learn-main\examples\gaussian_process\plot_gpc.py,"The content presents an example of Gaussian process classification (GPC) using an RBF kernel, comparing the effects of fixed and optimized hyperparameters on predicted probabilities and log-marginal likelihood, while illustrating the resulting class probability changes and log-loss performance.",\scikit-learn-main\examples\gaussian_process\plot_gpc_iris.py,"This example demonstrates Gaussian process classification (GPC) on the iris dataset, comparing the predicted probabilities of isotropic and anisotropic RBF kernels, with the latter achieving slightly higher log-marginal-likelihood by utilizing different length-scales for the feature dimensions.",0.8629
\scikit-learn-main\examples\gaussian_process\plot_gpc.py,"The content presents an example of Gaussian process classification (GPC) using an RBF kernel, comparing the effects of fixed and optimized hyperparameters on predicted probabilities and log-marginal likelihood, while illustrating the resulting class probability changes and log-loss performance.",\scikit-learn-main\examples\gaussian_process\plot_gpc_xor.py,"The example demonstrates Gaussian process classification (GPC) on the XOR dataset, comparing the performance of stationary (RBF) and non-stationary (DotProduct) kernels, with the DotProduct kernel yielding superior results due to the linear class boundaries aligned with the coordinate axes.",0.8605
\scikit-learn-main\examples\gaussian_process\plot_gpc.py,"The content presents an example of Gaussian process classification (GPC) using an RBF kernel, comparing the effects of fixed and optimized hyperparameters on predicted probabilities and log-marginal likelihood, while illustrating the resulting class probability changes and log-loss performance.",\scikit-learn-main\sklearn\gaussian_process\tests\test_gpc.py,"Collection of functions related to Gaussian Process Classifiers: including computations for log marginal likelihood, consistency checks for predictions, optimization of hyperparameters, and performance evaluation on multi-class classification tasks.",0.8250
\scikit-learn-main\examples\gaussian_process\plot_gpc_iris.py,"This example demonstrates Gaussian process classification (GPC) on the iris dataset, comparing the predicted probabilities of isotropic and anisotropic RBF kernels, with the latter achieving slightly higher log-marginal-likelihood by utilizing different length-scales for the feature dimensions.",\scikit-learn-main\examples\gaussian_process\plot_gpc_xor.py,"The example demonstrates Gaussian process classification (GPC) on the XOR dataset, comparing the performance of stationary (RBF) and non-stationary (DotProduct) kernels, with the DotProduct kernel yielding superior results due to the linear class boundaries aligned with the coordinate axes.",0.8381
\scikit-learn-main\examples\gaussian_process\plot_gpr_noisy_targets.py,"Gaussian Processes regression: An introductory example demonstrating noise-free and noisy one-dimensional regression, showcasing the model's interpolating properties and probabilistic nature through mean predictions and confidence intervals.",\scikit-learn-main\sklearn\gaussian_process\tests\test_gpr.py,"A collection of functions and tests related to Gaussian Process Regression, including mathematical operations, hyperparameter optimization, error handling, and consistency checks for predictions and uncertainties across various scenarios and configurations.",0.8091
\scikit-learn-main\examples\gaussian_process\plot_gpr_on_structured_data.py,"Class `SequenceKernel`: A convolutional kernel for variable-length sequences that computes kernel values and gradients, featuring methods for initialization, hyperparameter management, similarity computation, and object cloning.",\scikit-learn-main\sklearn\gaussian_process\tests\_mini_sequence_kernel.py,"Class `MiniSeqKernel`: A convolutional kernel for variable-length sequences that includes methods for similarity calculation, gradient evaluation, and hyperparameter management, along with functions for initialization, similarity scoring, matrix operations, and object cloning.",0.9141
\scikit-learn-main\examples\impute\plot_missing_values.py,"A collection of functions for handling missing values in datasets, including introducing NaNs, calculating cross-validated error scores for various imputation methods, and evaluating imputation strategies such as zero-filling, K-nearest neighbors, mean imputation, and iterative imputation.",\scikit-learn-main\sklearn\impute\tests\test_impute.py,"A collection of utility functions and test functions designed to validate and implement various imputation strategies for handling missing values in datasets, including functionality for both dense and sparse matrices, alongside a simple estimator and a missing value indicator.",0.8818
\scikit-learn-main\examples\impute\plot_missing_values.py,"A collection of functions for handling missing values in datasets, including introducing NaNs, calculating cross-validated error scores for various imputation methods, and evaluating imputation strategies such as zero-filling, K-nearest neighbors, mean imputation, and iterative imputation.",\scikit-learn-main\sklearn\impute\_base.py,"The content describes several classes and functions related to handling missing values in datasets, including validation of input types, imputation strategies, and the creation of binary indicators for missing data, all while ensuring compatibility with scikit-learn's pipeline components.",0.8628
\scikit-learn-main\examples\impute\plot_missing_values.py,"A collection of functions for handling missing values in datasets, including introducing NaNs, calculating cross-validated error scores for various imputation methods, and evaluating imputation strategies such as zero-filling, K-nearest neighbors, mean imputation, and iterative imputation.",\scikit-learn-main\sklearn\impute\_iterative.py,"Collection of functions for data imputation: includes methods for assigning values, initializing parameters, imputing missing values, validating limits, and transforming datasets, while also providing functionality for feature ordering and metadata retrieval.",0.8704
\scikit-learn-main\examples\linear_model\plot_logistic_multinomial.py,Function `plot_hyperplanes`: A function that visualizes decision boundaries of a classifier by plotting hyperplanes on a specified axis using the provided input data.,\scikit-learn-main\examples\miscellaneous\plot_multilabel.py,"Functions `plot_hyperplane` and `plot_subfigure`: Utility functions for visualizing classifier decision boundaries and data in subplots using PCA or CCA transformations, respectively.",0.8232
\scikit-learn-main\examples\linear_model\plot_logistic_multinomial.py,Function `plot_hyperplanes`: A function that visualizes decision boundaries of a classifier by plotting hyperplanes on a specified axis using the provided input data.,\scikit-learn-main\examples\svm\plot_weighted_samples.py,Function `plot_decision_function`: A function that visualizes the decision boundary of a classifier by plotting the decision function alongside the data points and their associated weights.,0.8395
\scikit-learn-main\examples\linear_model\plot_logistic_multinomial.py,Function `plot_hyperplanes`: A function that visualizes decision boundaries of a classifier by plotting hyperplanes on a specified axis using the provided input data.,\scikit-learn-main\sklearn\inspection\_plot\decision_boundary.py,Functions and class related to visualizing decision boundaries in machine learning: `_check_boundary_response_method` validates response methods for estimators; `DecisionBoundaryDisplay` provides visualization tools; `__init__` initializes parameters for plotting; `plot` generates customizable visualizations; and `from_estimator` visualizes decision boundaries of trained estimators with validation checks.,0.8200
\scikit-learn-main\examples\linear_model\plot_quantile_regression.py,"The content provides an overview of quantile regression, illustrating its application in predicting conditional quantiles with synthetic datasets that exhibit different error distributions, specifically heteroscedastic Normal and asymmetric Pareto distributions, and compares the performance of QuantileRegressor with LinearRegression in terms of mean absolute error and mean squared error.",\scikit-learn-main\sklearn\linear_model\tests\test_quantile.py,"A collection of functions for generating regression datasets and testing the behavior, accuracy, and properties of the QuantileRegressor model under various conditions, including handling sparse inputs, applying sample weights, and verifying error handling.",0.8356
\scikit-learn-main\examples\linear_model\plot_ransac.py,"The content demonstrates how to robustly fit a linear model to data with outliers using the RANSAC algorithm, highlighting its ability to distinguish between inliers and outliers for improved regression accuracy compared to ordinary linear regression.",\scikit-learn-main\sklearn\linear_model\tests\test_ransac.py,"A series of test functions and validation methods for the RANSAC algorithm that assess its behavior and performance under various conditions, including handling outliers, invalid data, model validity, and fitting with sample weights, while ensuring proper error handling and inlier mask accuracy.",0.8189
\scikit-learn-main\examples\linear_model\plot_ransac.py,"The content demonstrates how to robustly fit a linear model to data with outliers using the RANSAC algorithm, highlighting its ability to distinguish between inliers and outliers for improved regression accuracy compared to ordinary linear regression.",\scikit-learn-main\sklearn\linear_model\_ransac.py,"Class `RANSACRegressor`: An implementation of the RANSAC algorithm for robust regression, featuring methods for initialization, fitting to data while handling outliers, making predictions, scoring the model, and retrieving metadata routing information.",0.8472
\scikit-learn-main\examples\linear_model\plot_sgd_separating_hyperplane.py,The content demonstrates how to plot the maximum margin separating hyperplane for a two-class separable dataset using a linear Support Vector Machine classifier trained with Stochastic Gradient Descent (SGD).,\scikit-learn-main\examples\svm\plot_separating_hyperplane.py,The provided code demonstrates how to plot the maximum margin separating hyperplane using a Support Vector Machine classifier with a linear kernel on a two-class separable dataset created with scikit-learn.,0.8413
\scikit-learn-main\examples\manifold\plot_swissroll.py,"The notebook compares the performance of T-distributed Stochastic Neighbor Embedding (t-SNE) and Locally Linear Embedding (LLE) on the Swiss Roll and Swiss-Hole datasets, highlighting their strengths and weaknesses in preserving data structure and handling holes.",\scikit-learn-main\sklearn\manifold\_t_sne.py,"The provided content details various functions and a class related to the t-distributed Stochastic Neighbor Embedding (t-SNE) algorithm, including methods for computing joint probabilities, Kullback-Leibler divergence, gradient descent optimization, and dimensionality reduction, along with initialization and validation processes for effective data embedding.",0.8375
\scikit-learn-main\examples\miscellaneous\plot_kernel_ridge_regression.py,"The content compares kernel ridge regression (KRR) and support vector regression (SVR), highlighting their differences in loss functions, fitting speed, prediction time, and model sparsity, while demonstrating their performance on an artificial dataset.",\scikit-learn-main\sklearn\kernel_ridge.py,"Class `KernelRidge`: An estimator for kernel ridge regression that integrates ridge regression with the kernel trick, providing methods for initialization, fitting, predicting, and kernel retrieval, while allowing for efficient handling of both linear and non-linear data.",0.8075
\scikit-learn-main\examples\miscellaneous\plot_partial_dependence_visualization_api.py,"The content demonstrates how to use the PartialDependenceDisplay class from scikit-learn to plot and customize partial dependence plots for decision tree and multi-layer perceptron models trained on the diabetes dataset, including techniques for comparing plots and visualizing the effects of individual features.",\scikit-learn-main\sklearn\inspection\_plot\tests\test_plot_partial_dependence.py,"Functions and class related to the diabetes dataset: The `diabetes` function loads a subsampled dataset, while `clf_diabetes` trains a Gradient Boosting Regressor; various test functions validate the behavior and correctness of partial dependence plots for different scenarios, including handling categorical features, subsampling, and error conditions, along with a subclass `SubclassOfDisplay` that inherits from `PartialDependenceDisplay`.",0.8126
\scikit-learn-main\examples\mixture\plot_gmm.py,"Function `plot_results`: A function that creates a scatter plot to visualize data points and Gaussian components, using ellipses to represent the covariance of each component.",\scikit-learn-main\examples\mixture\plot_gmm_sin.py,"Functions `plot_results` and `plot_samples`: Functions that visualize Gaussian components and data points on scatter plots, highlighting clustering results and categorizing data samples by components with customizable layouts.",0.8698
\scikit-learn-main\examples\model_selection\plot_det.py,"The content discusses the comparison of Receiver Operating Characteristic (ROC) and Detection Error Tradeoff (DET) curves for evaluating binary classification classifiers, highlighting the advantages of DET curves in visualizing performance across thresholds.",\scikit-learn-main\examples\model_selection\plot_roc.py,"The content discusses the application of the Receiver Operating Characteristic (ROC) metric for evaluating multiclass classifiers, detailing the One-vs-Rest (OvR) and One-vs-One (OvO) strategies, along with their respective ROC curve generation and area under the curve (AUC) calculations for performance assessment.",0.8265
\scikit-learn-main\examples\model_selection\plot_det.py,"The content discusses the comparison of Receiver Operating Characteristic (ROC) and Detection Error Tradeoff (DET) curves for evaluating binary classification classifiers, highlighting the advantages of DET curves in visualizing performance across thresholds.",\scikit-learn-main\examples\model_selection\plot_roc_crossval.py,"The example demonstrates how to estimate and visualize the variance of the Receiver Operating Characteristic (ROC) metric using K-fold cross-validation, highlighting the relationship between true positive and false positive rates across different datasets.",0.8134
\scikit-learn-main\examples\model_selection\plot_precision_recall.py,"The content provides an in-depth explanation of the Precision-Recall metric used for evaluating classifier performance, particularly in imbalanced class scenarios, detailing its definitions, calculations, curves, and applications in both binary and multi-label classification settings.",\scikit-learn-main\sklearn\metrics\tests\test_ranking.py,"A comprehensive suite of functions and tests designed for evaluating and validating various classification metrics, including ROC AUC, precision-recall curves, label ranking, and top-k accuracy, with specific implementations for handling edge cases, multi-class scenarios, and ensuring consistency across different input formats.",0.8064
\scikit-learn-main\examples\model_selection\plot_precision_recall.py,"The content provides an in-depth explanation of the Precision-Recall metric used for evaluating classifier performance, particularly in imbalanced class scenarios, detailing its definitions, calculations, curves, and applications in both binary and multi-label classification settings.",\scikit-learn-main\sklearn\metrics\_plot\precision_recall_curve.py,"Class `PrecisionRecallDisplay`: A visualization tool for plotting precision-recall curves to evaluate binary classifier performance, featuring methods for initialization, plotting, and generating curves from estimators or predictions with customizable options.",0.8224
\scikit-learn-main\examples\model_selection\plot_successive_halving_iterations.py,"The content describes the process of successive halving iterations in hyperparameter optimization using HalvingRandomSearchCV, demonstrating how it iteratively selects the best parameter combination by evaluating candidates on increasing amounts of resources.",\scikit-learn-main\sklearn\model_selection\_search_successive_halving.py,"Classes and functions for hyperparameter optimization: _SubsampleMetaSplitter subsamples datasets for training/testing; BaseSuccessiveHalving and HalvingGridSearchCV implement successive halving strategies for model evaluation; HalvingRandomSearchCV employs randomized search for optimizing hyperparameters, all featuring initialization, candidate parameter generation, and input validation methods.",0.8332
\scikit-learn-main\examples\neighbors\plot_classification.py,"This example demonstrates the use of the KNeighborsClassifier from scikit-learn to classify the iris dataset, illustrating how the choice of the `weights` parameter affects the decision boundary of the model.",\scikit-learn-main\examples\neighbors\plot_nca_classification.py,"The content demonstrates a comparison of nearest neighbors classification using a KNeighborsClassifier with and without Neighborhood Components Analysis (NCA), visualizing the decision boundaries and classification accuracy on the Iris dataset.",0.8079
\scikit-learn-main\examples\neighbors\plot_lof_novelty_detection.py,"The content describes the Local Outlier Factor (LOF) algorithm for novelty detection, emphasizing its unsupervised approach to identifying outliers based on local density deviations, and provides a practical example of its implementation using Python's scikit-learn library.",\scikit-learn-main\sklearn\neighbors\tests\test_lof.py,"A series of test functions designed to evaluate the behavior, performance, and error handling of the Local Outlier Factor (LOF) algorithm across various scenarios, including outlier detection, novelty settings, and data type consistency.",0.8918
\scikit-learn-main\examples\neighbors\plot_lof_novelty_detection.py,"The content describes the Local Outlier Factor (LOF) algorithm for novelty detection, emphasizing its unsupervised approach to identifying outliers based on local density deviations, and provides a practical example of its implementation using Python's scikit-learn library.",\scikit-learn-main\sklearn\neighbors\_lof.py,"Class `LocalOutlierFactor`: An unsupervised outlier detection algorithm that identifies anomalies in data by measuring local density deviations, with methods for fitting the model, predicting labels for inliers and outliers, and computing outlier scores based on the Local Outlier Factor (LOF) method.",0.8809
\scikit-learn-main\examples\neighbors\plot_regression.py,"The content demonstrates the application of k-Nearest Neighbors regression to solve a regression problem by interpolating target values using both uniform and distance-based weights, along with visualizations of the model's predictions.",\scikit-learn-main\sklearn\neighbors\_regression.py,"Classes `KNeighborsRegressor` and `RadiusNeighborsRegressor`: Regression models that predict target values using k-nearest neighbors and local interpolation within a specified radius, respectively, featuring customizable parameters and methods for fitting and predicting based on training data.",0.8283
\scikit-learn-main\examples\preprocessing\plot_scaling_importance.py,Function `fit_and_plot_model`: Fits a classifier to given data and visualizes the decision boundary and data points on a specified axis.,\scikit-learn-main\examples\svm\plot_weighted_samples.py,Function `plot_decision_function`: A function that visualizes the decision boundary of a classifier by plotting the decision function alongside the data points and their associated weights.,0.8209
\scikit-learn-main\examples\release_highlights\plot_release_highlights_0_23_0.py,"Release Highlights for scikit-learn 0.23: This update introduces Generalized Linear Models, enhanced visualizations for estimators, improvements to KMeans and histogram-based Gradient Boosting, and adds sample-weight support for Lasso and ElasticNet, alongside numerous bug fixes and performance enhancements.",\scikit-learn-main\examples\release_highlights\plot_release_highlights_0_24_0.py,"Release of scikit-learn 0.24 introduces numerous enhancements including Successive Halving estimators for hyper-parameter tuning, native support for categorical features in HistGradientBoosting, improved performance for HistGradientBoosting estimators, a new self-training meta-estimator, SequentialFeatureSelector for feature selection, and additional tools such as PolynomialCountSketch for kernel approximation and Individual Conditional Expectation plots for better model interpretability.",0.8092
\scikit-learn-main\examples\release_highlights\plot_release_highlights_0_23_0.py,"Release Highlights for scikit-learn 0.23: This update introduces Generalized Linear Models, enhanced visualizations for estimators, improvements to KMeans and histogram-based Gradient Boosting, and adds sample-weight support for Lasso and ElasticNet, alongside numerous bug fixes and performance enhancements.",\scikit-learn-main\examples\release_highlights\plot_release_highlights_1_2_0.py,"Release Highlights for scikit-learn 1.2: This release includes numerous bug fixes, new features such as pandas output support with the `set_output` API, interaction constraints in gradient boosting trees, enhanced display options for model evaluation, and improved efficiency across various estimators.",0.8200
\scikit-learn-main\examples\release_highlights\plot_release_highlights_0_24_0.py,"Release of scikit-learn 0.24 introduces numerous enhancements including Successive Halving estimators for hyper-parameter tuning, native support for categorical features in HistGradientBoosting, improved performance for HistGradientBoosting estimators, a new self-training meta-estimator, SequentialFeatureSelector for feature selection, and additional tools such as PolynomialCountSketch for kernel approximation and Individual Conditional Expectation plots for better model interpretability.",\scikit-learn-main\examples\release_highlights\plot_release_highlights_1_4_0.py,"Scikit-learn 1.4 introduces significant enhancements, including native support for categorical data in HistGradientBoosting, missing value handling in Random Forest models, enriched estimator displays, and improved memory efficiency for PCA on sparse data, along with various bug fixes and new features.",0.8370
\scikit-learn-main\examples\release_highlights\plot_release_highlights_1_0_0.py,"Scikit-learn 1.0 release: A stable version introducing new features such as keyword-only arguments, spline transformers, quantile regression, enhanced feature names support, and improved plotting APIs, along with documentation enhancements and no breaking changes.",\scikit-learn-main\examples\release_highlights\plot_release_highlights_1_1_0.py,"Release Highlights for scikit-learn 1.1: This update introduces numerous bug fixes, performance improvements, and new features including quantile loss modeling in HistGradientBoostingRegressor, enhanced feature name extraction in transformers, and the introduction of MiniBatchNMF and BisectingKMeans for more efficient data processing and clustering.",0.8235
\scikit-learn-main\examples\release_highlights\plot_release_highlights_1_0_0.py,"Scikit-learn 1.0 release: A stable version introducing new features such as keyword-only arguments, spline transformers, quantile regression, enhanced feature names support, and improved plotting APIs, along with documentation enhancements and no breaking changes.",\scikit-learn-main\examples\release_highlights\plot_release_highlights_1_2_0.py,"Release Highlights for scikit-learn 1.2: This release includes numerous bug fixes, new features such as pandas output support with the `set_output` API, interaction constraints in gradient boosting trees, enhanced display options for model evaluation, and improved efficiency across various estimators.",0.8170
\scikit-learn-main\examples\release_highlights\plot_release_highlights_1_1_0.py,"Release Highlights for scikit-learn 1.1: This update introduces numerous bug fixes, performance improvements, and new features including quantile loss modeling in HistGradientBoostingRegressor, enhanced feature name extraction in transformers, and the introduction of MiniBatchNMF and BisectingKMeans for more efficient data processing and clustering.",\scikit-learn-main\examples\release_highlights\plot_release_highlights_1_2_0.py,"Release Highlights for scikit-learn 1.2: This release includes numerous bug fixes, new features such as pandas output support with the `set_output` API, interaction constraints in gradient boosting trees, enhanced display options for model evaluation, and improved efficiency across various estimators.",0.8314
\scikit-learn-main\examples\svm\plot_svm_kernels.py,"Function `plot_training_data_with_decision_boundary`: A function that trains a Support Vector Classifier (SVC) using a specified kernel and visualizes the decision boundaries, margins, and support vectors on a plot.",\scikit-learn-main\examples\svm\plot_weighted_samples.py,Function `plot_decision_function`: A function that visualizes the decision boundary of a classifier by plotting the decision function alongside the data points and their associated weights.,0.8283
\scikit-learn-main\examples\svm\plot_weighted_samples.py,Function `plot_decision_function`: A function that visualizes the decision boundary of a classifier by plotting the decision function alongside the data points and their associated weights.,\scikit-learn-main\sklearn\inspection\_plot\decision_boundary.py,Functions and class related to visualizing decision boundaries in machine learning: `_check_boundary_response_method` validates response methods for estimators; `DecisionBoundaryDisplay` provides visualization tools; `__init__` initializes parameters for plotting; `plot` generates customizable visualizations; and `from_estimator` visualizes decision boundaries of trained estimators with validation checks.,0.8115
\scikit-learn-main\sklearn\base.py,"The provided content details various classes and functions in scikit-learn related to estimator management, including cloning, parameter handling, mixins for different types of estimators (classifiers, regressors, clusterers, etc.), and methods for validation, representation, and transformation, facilitating a robust framework for building and managing machine learning models.",\scikit-learn-main\sklearn\frozen\_frozen.py,"The content describes various functions and a class related to estimator management in scikit-learn, including attribute verification, cloning, fitting checks, and parameter handling, with a specific focus on the `FrozenEstimator` that prevents further fitting of wrapped estimators while allowing access to their methods and attributes.",0.8384
\scikit-learn-main\sklearn\cluster\tests\test_affinity_propagation.py,"Multiple test functions for the Affinity Propagation algorithm that verify clustering consistency, behavior with various input types, convergence, and exception handling across different scenarios.",\scikit-learn-main\sklearn\cluster\_affinity_propagation.py,"Functions and class related to Affinity Propagation Clustering: They implement methods for checking equality of preferences and similarities, execute the clustering algorithm with customizable parameters, and provide functionalities for fitting the model, predicting clusters, and managing initialization options.",0.8120
\scikit-learn-main\sklearn\cluster\tests\test_birch.py,"A collection of test functions for the Birch clustering algorithm, verifying various aspects such as sample counts, fit methods, prediction accuracy, cluster counts, data consistency, error handling, and parameter compatibility.",\scikit-learn-main\sklearn\cluster\_birch.py,"Classes and functions related to the BIRCH clustering algorithm, including utilities for managing sparse matrices, node and subcluster operations, and methods for fitting, predicting, and transforming data while ensuring memory efficiency and incremental learning capabilities.",0.8767
\scikit-learn-main\sklearn\cluster\tests\test_optics.py,"A series of test functions designed to validate the behavior and accuracy of the OPTICS clustering algorithm and its related methods, ensuring proper handling of various conditions, error cases, and comparisons with other clustering frameworks.",\scikit-learn-main\sklearn\cluster\_optics.py,"Class `OPTICS`: A clustering algorithm designed to identify the structure of data through core samples and variable neighborhood radii, accompanied by various methods for initialization, fitting, validation, and cluster extraction.",0.8705
\scikit-learn-main\sklearn\compose\tests\test_column_transformer.py,"The content describes various transformer classes and their methods in a machine learning context, including functionalities for transforming data structures, fitting models, handling metadata, and conducting unit tests to ensure correct behavior and error handling in a `ColumnTransformer` setup.",\scikit-learn-main\sklearn\compose\_column_transformer.py,"A comprehensive suite of functions and classes for managing and transforming data using various transformers, including initialization, parameter validation, output configuration, and methods for fitting and transforming data while ensuring compatibility and handling potential issues in a `ColumnTransformer`.",0.8065
\scikit-learn-main\sklearn\covariance\tests\test_graphical_lasso.py,"Multiple test functions for the graphical lasso algorithm evaluate its performance, behavior under specific conditions, and consistency using various datasets and parameters, ensuring robustness and correctness in its implementation.",\scikit-learn-main\sklearn\covariance\_graph_lasso.py,"The provided content outlines various functions and classes related to graphical lasso estimation, including methods for evaluating the objective function, computing dual gaps, fitting models, and optimizing parameters through cross-validation, all aimed at estimating sparse inverse covariance matrices.",0.8974
\scikit-learn-main\sklearn\covariance\_elliptic_envelope.py,"Class `EllipticEnvelope`: A model for outlier detection in Gaussian distributed datasets, providing methods for initialization, fitting, decision function evaluation, sample scoring, prediction of inliers/outliers, and accuracy scoring against true labels.",\scikit-learn-main\sklearn\neighbors\_lof.py,"Class `LocalOutlierFactor`: An unsupervised outlier detection algorithm that identifies anomalies in data by measuring local density deviations, with methods for fitting the model, predicting labels for inliers and outliers, and computing outlier scores based on the Local Outlier Factor (LOF) method.",0.8144
\scikit-learn-main\sklearn\datasets\tests\test_lfw.py,"Module Functions: A collection of generator functions and test cases designed to create temporary directories and verify the loading, structure, and error handling of LFW (Labeled Faces in the Wild) dataset and its associated pairs, ensuring reliable and consistent testing environments.",\scikit-learn-main\sklearn\datasets\_lfw.py,"Functions for loading and processing the Labeled Faces in the Wild (LFW) dataset, including downloading, extracting, and preparing images and labels for both individuals and pairs, with various options for handling data.",0.8111
\scikit-learn-main\sklearn\datasets\tests\test_svmlight_format.py,"A collection of functions for loading and dumping SVMlight format data, including various unit tests to ensure correct functionality, error handling, and data integrity across different scenarios and file types.",\scikit-learn-main\sklearn\datasets\_svmlight_format_io.py,"Functions for loading and exporting datasets in svmlight/libsvm format, including utilities for handling file types, data processing, and concatenation of multiple datasets with customizable options.",0.8128
\scikit-learn-main\sklearn\decomposition\tests\test_dict_learning.py,"A collection of test functions designed to validate the behavior, output shapes, and constraints of various dictionary learning and sparse encoding algorithms, ensuring proper functionality and numerical consistency across different scenarios and configurations.",\scikit-learn-main\sklearn\decomposition\_dict_learning.py,"The content outlines a series of functions and classes related to sparse coding and dictionary learning, detailing methods for validation, transformation, optimization, and model fitting, including specialized implementations for online and mini-batch learning.",0.8393
\scikit-learn-main\sklearn\decomposition\tests\test_nmf.py,"A comprehensive suite of test functions designed to validate various aspects of the Non-negative Matrix Factorization (NMF) implementation, including convergence warnings, parameter handling, output consistency, and the effects of different initializations and regularizations.",\scikit-learn-main\sklearn\decomposition\_nmf.py,"The content describes various functions and classes related to Non-negative Matrix Factorization (NMF), including methods for initialization, fitting, transformation, validation, and optimization, facilitating applications such as dimensionality reduction and topic extraction while supporting both standard and mini-batch processing.",0.8264
\scikit-learn-main\sklearn\decomposition\tests\test_pca.py,"A comprehensive suite of test functions designed to validate the functionality, performance, and compliance of PCA implementations, covering aspects such as fitting, transformation, dimensionality inference, solver equivalence, and data type preservation across various scenarios.",\scikit-learn-main\sklearn\decomposition\_base.py,"Class _BasePCA: An abstract base class for PCA methods that provides essential functionality for covariance and precision matrix estimation, data transformation, and inverse transformation, while requiring subclasses to implement the model fitting process.",0.8007
\scikit-learn-main\sklearn\discriminant_analysis.py,"The content describes various functions and classes related to discriminant analysis, including methods for estimating covariance matrices, computing class means and covariances, and performing classification and probability estimation using Linear Discriminant Analysis and Quadratic Discriminant Analysis classifiers.",\scikit-learn-main\sklearn\tests\test_discriminant_analysis.py,"A comprehensive suite of test functions for validating the functionality and robustness of Linear and Quadratic Discriminant Analysis classifiers, covering aspects such as fitting, prediction, probability estimation, model parameters, and error handling across various scenarios and data conditions.",0.8003
\scikit-learn-main\sklearn\ensemble\tests\test_gradient_boosting.py,"A comprehensive suite of test functions that validate the behavior, performance, and error handling of the Gradient Boosting Classifier and Regressor across various scenarios, including early stopping, handling of different input types, and compatibility with different initialization methods.",\scikit-learn-main\sklearn\ensemble\_hist_gradient_boosting\tests\test_gradient_boosting.py,"A collection of functions and tests for validating and evaluating the performance of gradient boosting models, including early stopping, handling of missing values, categorical features, and compatibility across different data types and architectures.",0.8525
\scikit-learn-main\sklearn\ensemble\tests\test_gradient_boosting.py,"A comprehensive suite of test functions that validate the behavior, performance, and error handling of the Gradient Boosting Classifier and Regressor across various scenarios, including early stopping, handling of different input types, and compatibility with different initialization methods.",\scikit-learn-main\sklearn\ensemble\_hist_gradient_boosting\tests\test_warm_start.py,"Functions related to validating and testing the behavior of Gradient Boosting models, particularly focusing on warm start functionality, error handling, and consistency in predictions across various configurations and iterations.",0.8325
\scikit-learn-main\sklearn\ensemble\_bagging.py,"The content describes various functions and classes related to ensemble methods in machine learning, specifically focusing on Bagging techniques for classifiers and regressors, including methods for generating indices, fitting models, making predictions, and handling out-of-bag scores, all aimed at improving model accuracy and reducing variance.",\scikit-learn-main\sklearn\ensemble\_base.py,"The content describes various functions and classes related to ensemble learning in machine learning, including methods for fitting estimators, managing their parameters, validating configurations, and providing access to individual estimators within an ensemble structure.",0.8679
\scikit-learn-main\sklearn\ensemble\_bagging.py,"The content describes various functions and classes related to ensemble methods in machine learning, specifically focusing on Bagging techniques for classifiers and regressors, including methods for generating indices, fitting models, making predictions, and handling out-of-bag scores, all aimed at improving model accuracy and reducing variance.",\scikit-learn-main\sklearn\ensemble\_forest.py,"The provided content outlines various functions and classes related to ensemble learning models, including methods for bootstrapping, fitting decision trees, and calculating out-of-bag scores, with specific implementations for classifiers and regressors such as RandomForest and ExtraTrees, emphasizing their initialization, prediction capabilities, and handling of feature importances and multi-label tasks.",0.8994
\scikit-learn-main\sklearn\ensemble\_base.py,"The content describes various functions and classes related to ensemble learning in machine learning, including methods for fitting estimators, managing their parameters, validating configurations, and providing access to individual estimators within an ensemble structure.",\scikit-learn-main\sklearn\ensemble\_forest.py,"The provided content outlines various functions and classes related to ensemble learning models, including methods for bootstrapping, fitting decision trees, and calculating out-of-bag scores, with specific implementations for classifiers and regressors such as RandomForest and ExtraTrees, emphasizing their initialization, prediction capabilities, and handling of feature importances and multi-label tasks.",0.8602
\scikit-learn-main\sklearn\ensemble\_base.py,"The content describes various functions and classes related to ensemble learning in machine learning, including methods for fitting estimators, managing their parameters, validating configurations, and providing access to individual estimators within an ensemble structure.",\scikit-learn-main\sklearn\ensemble\_voting.py,"Classes and functions for implementing ensemble learning voting mechanisms, including base classes for fitting and predicting with multiple estimators, as well as specific implementations for classifiers and regressors that handle various voting strategies and data transformations.",0.8090
\scikit-learn-main\sklearn\ensemble\_gb.py,"Functions and classes related to gradient boosting in machine learning, including methods for safe division, raw predictions, terminal region updates, model fitting, state management, feature importance computation, and predictions for both classification and regression tasks, enabling efficient training and evaluation of models.",\scikit-learn-main\sklearn\ensemble\_hist_gradient_boosting\gradient_boosting.py,"The content describes various functions and classes related to gradient boosting models, including methods for updating predictions, fitting models, validating parameters, handling categorical features, and managing early stopping, as well as specific implementations for regression and classification tasks in histogram-based gradient boosting.",0.8162
\scikit-learn-main\sklearn\ensemble\_hist_gradient_boosting\gradient_boosting.py,"The content describes various functions and classes related to gradient boosting models, including methods for updating predictions, fitting models, validating parameters, handling categorical features, and managing early stopping, as well as specific implementations for regression and classification tasks in histogram-based gradient boosting.",\scikit-learn-main\sklearn\ensemble\_hist_gradient_boosting\tests\test_gradient_boosting.py,"A collection of functions and tests for validating and evaluating the performance of gradient boosting models, including early stopping, handling of missing values, categorical features, and compatibility across different data types and architectures.",0.8678
\scikit-learn-main\sklearn\ensemble\_hist_gradient_boosting\tests\test_grower.py,"The content describes various functions related to decision tree modeling, including data generation, decision functions, consistency checks, and multiple unit tests for validating the functionality and robustness of the TreeGrower class and its handling of different scenarios in tree construction and prediction.",\scikit-learn-main\sklearn\tree\tests\test_tree.py,"A comprehensive suite of testing functions and utility methods for validating the behavior, performance, and robustness of various decision tree models, including handling of missing values, sample weights, and serialization across different configurations and datasets.",0.8289
\scikit-learn-main\sklearn\ensemble\_hist_gradient_boosting\tests\test_monotonic_constraints.py,"A collection of functions that validate and test monotonic constraints and value consistency in tree structures and gradient boosting models, including checks for increasing/decreasing order, leaf value collection, and error handling for input parameters.",\scikit-learn-main\sklearn\tree\tests\test_monotonic_tree.py,"A series of test functions designed to evaluate the behavior and enforcement of monotonic constraints in tree classifiers and regression models, ensuring proper handling of various scenarios including class predictions, multiple outputs, missing values, and adherence to specified monotonicity conditions.",0.8096
\scikit-learn-main\sklearn\ensemble\_hist_gradient_boosting\tests\test_splitting.py,"A collection of test functions that validate various aspects of splitting mechanisms in machine learning, including histogram-based splits, gradient and hessian consistency, handling of missing values, categorical data processing, and adherence to specified constraints during the splitting process.",\scikit-learn-main\sklearn\model_selection\tests\test_split.py,"A comprehensive suite of utility functions and test cases designed to validate various data splitting methods, including cross-validation strategies, ensuring proper handling of multi-dimensional datasets, stratification, error conditions, and reproducibility across multiple scenarios and configurations.",0.8096
\scikit-learn-main\sklearn\feature_selection\tests\test_variance_threshold.py,"A series of test functions and cases that validate the behavior and functionality of the VarianceThreshold feature selection method under various conditions, including zero variance, custom thresholds, floating point inaccuracies, and the presence of NaN values.",\scikit-learn-main\sklearn\feature_selection\_variance_threshold.py,"Class `VarianceThreshold`: A feature selection algorithm that removes low-variance features to enhance unsupervised learning, with methods for initialization, fitting to data, checking variance support, and handling NaN values in input tags.",0.8179
\scikit-learn-main\sklearn\frozen\tests\test_frozen.py,"The content describes various functions and classes related to machine learning, including dataset generation, testing of frozen estimators, and custom estimators that manage metadata, alongside methods for fitting, predicting, and ensuring proper behavior of these components in a pipeline.",\scikit-learn-main\sklearn\pipeline.py,"The content describes various functions and classes related to a machine learning pipeline, including methods for fitting, transforming, and validating estimators and transformers, as well as utilities for managing parameters and output formats, ultimately enabling flexible and efficient data processing workflows.",0.8238
\scikit-learn-main\sklearn\frozen\tests\test_frozen.py,"The content describes various functions and classes related to machine learning, including dataset generation, testing of frozen estimators, and custom estimators that manage metadata, alongside methods for fitting, predicting, and ensuring proper behavior of these components in a pipeline.",\scikit-learn-main\sklearn\tests\metadata_routing_common.py,"The content describes various classes and functions that facilitate metadata management, model fitting, and prediction in machine learning, including utilities for recording metadata, validating its integrity, and implementing different types of estimators (regressors, classifiers, and transformers) that either consume or ignore metadata during their operations.",0.8013
\scikit-learn-main\sklearn\gaussian_process\tests\test_gpc.py,"Collection of functions related to Gaussian Process Classifiers: including computations for log marginal likelihood, consistency checks for predictions, optimization of hyperparameters, and performance evaluation on multi-class classification tasks.",\scikit-learn-main\sklearn\gaussian_process\tests\test_gpr.py,"A collection of functions and tests related to Gaussian Process Regression, including mathematical operations, hyperparameter optimization, error handling, and consistency checks for predictions and uncertainties across various scenarios and configurations.",0.8206
\scikit-learn-main\sklearn\gaussian_process\tests\test_gpr.py,"A collection of functions and tests related to Gaussian Process Regression, including mathematical operations, hyperparameter optimization, error handling, and consistency checks for predictions and uncertainties across various scenarios and configurations.",\scikit-learn-main\sklearn\gaussian_process\_gpr.py,"Class `GaussianProcessRegressor`: A scikit-learn estimator for Gaussian process regression that facilitates prediction without prior fitting, sampling, hyperparameter optimization, and log-marginal likelihood evaluation, with various methods for model training and evaluation.",0.8708
\scikit-learn-main\sklearn\impute\tests\test_base.py,"Summary: The content describes various classes and functions related to imputation and transformation of data, including the generation of random data, handling of missing values, and associated test functions that validate the behavior of these imputer classes and their methods.",\scikit-learn-main\sklearn\impute\_iterative.py,"Collection of functions for data imputation: includes methods for assigning values, initializing parameters, imputing missing values, validating limits, and transforming datasets, while also providing functionality for feature ordering and metadata retrieval.",0.8241
\scikit-learn-main\sklearn\impute\tests\test_common.py,"Functions for handling and testing imputation methods: `imputers` and `sparse_imputers` generate imputer instances, while various test functions ensure proper handling of missing values, feature tracking, compatibility with pandas, and retention of empty features.",\scikit-learn-main\sklearn\impute\tests\test_impute.py,"A collection of utility functions and test functions designed to validate and implement various imputation strategies for handling missing values in datasets, including functionality for both dense and sparse matrices, alongside a simple estimator and a missing value indicator.",0.8084
\scikit-learn-main\sklearn\impute\tests\test_impute.py,"A collection of utility functions and test functions designed to validate and implement various imputation strategies for handling missing values in datasets, including functionality for both dense and sparse matrices, alongside a simple estimator and a missing value indicator.",\scikit-learn-main\sklearn\impute\_base.py,"The content describes several classes and functions related to handling missing values in datasets, including validation of input types, imputation strategies, and the creation of binary indicators for missing data, all while ensuring compatibility with scikit-learn's pipeline components.",0.8364
\scikit-learn-main\sklearn\impute\tests\test_impute.py,"A collection of utility functions and test functions designed to validate and implement various imputation strategies for handling missing values in datasets, including functionality for both dense and sparse matrices, alongside a simple estimator and a missing value indicator.",\scikit-learn-main\sklearn\impute\_iterative.py,"Collection of functions for data imputation: includes methods for assigning values, initializing parameters, imputing missing values, validating limits, and transforming datasets, while also providing functionality for feature ordering and metadata retrieval.",0.8472
\scikit-learn-main\sklearn\impute\_base.py,"The content describes several classes and functions related to handling missing values in datasets, including validation of input types, imputation strategies, and the creation of binary indicators for missing data, all while ensuring compatibility with scikit-learn's pipeline components.",\scikit-learn-main\sklearn\impute\_iterative.py,"Collection of functions for data imputation: includes methods for assigning values, initializing parameters, imputing missing values, validating limits, and transforming datasets, while also providing functionality for feature ordering and metadata retrieval.",0.8277
\scikit-learn-main\sklearn\kernel_ridge.py,"Class `KernelRidge`: An estimator for kernel ridge regression that integrates ridge regression with the kernel trick, providing methods for initialization, fitting, predicting, and kernel retrieval, while allowing for efficient handling of both linear and non-linear data.",\scikit-learn-main\sklearn\linear_model\tests\test_ridge.py,"A collection of functions and tests designed to evaluate and validate various aspects of Ridge regression and its extensions, including accuracy computation, dataset generation, model convergence, solver consistency, handling of sample weights, and compliance with array APIs, ensuring robust performance across a range of scenarios and configurations.",0.8113
\scikit-learn-main\sklearn\kernel_ridge.py,"Class `KernelRidge`: An estimator for kernel ridge regression that integrates ridge regression with the kernel trick, providing methods for initialization, fitting, predicting, and kernel retrieval, while allowing for efficient handling of both linear and non-linear data.",\scikit-learn-main\sklearn\linear_model\_ridge.py,"A comprehensive suite of functions and classes for Ridge regression and classification, implementing various optimization techniques, matrix operations, and cross-validation methods to effectively handle linear models with regularization and hyperparameter tuning.",0.8142
\scikit-learn-main\sklearn\kernel_ridge.py,"Class `KernelRidge`: An estimator for kernel ridge regression that integrates ridge regression with the kernel trick, providing methods for initialization, fitting, predicting, and kernel retrieval, while allowing for efficient handling of both linear and non-linear data.",\scikit-learn-main\sklearn\tests\test_kernel_ridge.py,"A series of test functions that validate the predictions of Ridge and Kernel Ridge regression models under various conditions, including sparse data, singular kernels, precomputed matrices, sample weights, and multi-output scenarios.",0.8475
\scikit-learn-main\sklearn\linear_model\tests\test_coordinate_descent.py,"A comprehensive suite of test functions and classes designed to validate the behavior, performance, and consistency of various regression models, including Lasso and ElasticNet, across diverse scenarios such as input formats, sample weights, and model parameters, while ensuring proper error handling and convergence properties.",\scikit-learn-main\sklearn\linear_model\tests\test_sparse_coordinate_descent.py,"A collection of test functions designed to evaluate the performance, consistency, and functionality of various regression models (including ElasticNet and Lasso) on both sparse and dense datasets, ensuring correct behavior across multiple scenarios and configurations.",0.9177
\scikit-learn-main\sklearn\linear_model\tests\test_coordinate_descent.py,"A comprehensive suite of test functions and classes designed to validate the behavior, performance, and consistency of various regression models, including Lasso and ElasticNet, across diverse scenarios such as input formats, sample weights, and model parameters, while ensuring proper error handling and convergence properties.",\scikit-learn-main\sklearn\linear_model\_coordinate_descent.py,"The content describes various classes and functions related to linear regression models, including ElasticNet, Lasso, and their cross-validation variants, detailing their initialization, fitting processes, and capabilities for handling multi-task learning and regularization paths.",0.8553
\scikit-learn-main\sklearn\linear_model\tests\test_logistic.py,"A comprehensive suite of functions and tests for validating and ensuring the accuracy, stability, and performance of various logistic regression models and configurations, including handling of class weights, sample weights, penalties, and multi-class scenarios.",\scikit-learn-main\sklearn\linear_model\_logistic.py,"The provided content describes a set of functions and a class related to logistic regression, including compatibility checks for solvers, model fitting and scoring methods, and probability estimations for binary and multi-class classification, encapsulated within the `LogisticRegression` classifier which supports various optimization strategies and configurations.",0.8061
\scikit-learn-main\sklearn\linear_model\tests\test_ridge.py,"A collection of functions and tests designed to evaluate and validate various aspects of Ridge regression and its extensions, including accuracy computation, dataset generation, model convergence, solver consistency, handling of sample weights, and compliance with array APIs, ensuring robust performance across a range of scenarios and configurations.",\scikit-learn-main\sklearn\linear_model\_ridge.py,"A comprehensive suite of functions and classes for Ridge regression and classification, implementing various optimization techniques, matrix operations, and cross-validation methods to effectively handle linear models with regularization and hyperparameter tuning.",0.8492
\scikit-learn-main\sklearn\linear_model\tests\test_ridge.py,"A collection of functions and tests designed to evaluate and validate various aspects of Ridge regression and its extensions, including accuracy computation, dataset generation, model convergence, solver consistency, handling of sample weights, and compliance with array APIs, ensuring robust performance across a range of scenarios and configurations.",\scikit-learn-main\sklearn\tests\test_kernel_ridge.py,"A series of test functions that validate the predictions of Ridge and Kernel Ridge regression models under various conditions, including sparse data, singular kernels, precomputed matrices, sample weights, and multi-output scenarios.",0.8888
\scikit-learn-main\sklearn\linear_model\tests\test_sparse_coordinate_descent.py,"A collection of test functions designed to evaluate the performance, consistency, and functionality of various regression models (including ElasticNet and Lasso) on both sparse and dense datasets, ensuring correct behavior across multiple scenarios and configurations.",\scikit-learn-main\sklearn\linear_model\_coordinate_descent.py,"The content describes various classes and functions related to linear regression models, including ElasticNet, Lasso, and their cross-validation variants, detailing their initialization, fitting processes, and capabilities for handling multi-task learning and regularization paths.",0.8551
\scikit-learn-main\sklearn\linear_model\_ridge.py,"A comprehensive suite of functions and classes for Ridge regression and classification, implementing various optimization techniques, matrix operations, and cross-validation methods to effectively handle linear models with regularization and hyperparameter tuning.",\scikit-learn-main\sklearn\tests\test_kernel_ridge.py,"A series of test functions that validate the predictions of Ridge and Kernel Ridge regression models under various conditions, including sparse data, singular kernels, precomputed matrices, sample weights, and multi-output scenarios.",0.8127
\scikit-learn-main\sklearn\metrics\cluster\tests\test_bicluster.py,Unit tests for verifying the correctness of Jaccard similarity and consensus score calculations across various boolean arrays and bicluster combinations.,\scikit-learn-main\sklearn\metrics\cluster\_bicluster.py,"Functions for validating array shapes, computing Jaccard coefficients, calculating pairwise similarity matrices, and deriving consensus scores for biclusters based on their similarities.",0.8123
\scikit-learn-main\sklearn\metrics\cluster\tests\test_supervised.py,"A collection of test functions designed to validate the correctness and robustness of various clustering and scoring metrics, ensuring proper error handling, expected outcomes, and performance across diverse input scenarios.",\scikit-learn-main\sklearn\metrics\cluster\_supervised.py,"A collection of functions for evaluating clustering performance, including validation of label arrays, computation of various similarity and quality metrics (such as Rand index, adjusted Rand index, homogeneity, completeness, and mutual information), and construction of contingency matrices to assess the relationship between true and predicted labels.",0.8190
\scikit-learn-main\sklearn\metrics\tests\test_classification.py,"A comprehensive suite of functions for generating and validating classification metrics, including predictions, confusion matrices, precision-recall scores, and various loss functions, with extensive testing to ensure accuracy and handle edge cases across binary, multiclass, and multilabel scenarios.",\scikit-learn-main\sklearn\metrics\tests\test_common.py,"A comprehensive suite of utility and test functions designed to validate various metrics and their behaviors across different scenarios, including handling of input types, sample weights, dimensionality, and consistency in classification, regression, and multilabel contexts.",0.8514
\scikit-learn-main\sklearn\metrics\tests\test_classification.py,"A comprehensive suite of functions for generating and validating classification metrics, including predictions, confusion matrices, precision-recall scores, and various loss functions, with extensive testing to ensure accuracy and handle edge cases across binary, multiclass, and multilabel scenarios.",\scikit-learn-main\sklearn\metrics\tests\test_ranking.py,"A comprehensive suite of functions and tests designed for evaluating and validating various classification metrics, including ROC AUC, precision-recall curves, label ranking, and top-k accuracy, with specific implementations for handling edge cases, multi-class scenarios, and ensuring consistency across different input formats.",0.8771
\scikit-learn-main\sklearn\metrics\tests\test_classification.py,"A comprehensive suite of functions for generating and validating classification metrics, including predictions, confusion matrices, precision-recall scores, and various loss functions, with extensive testing to ensure accuracy and handle edge cases across binary, multiclass, and multilabel scenarios.",\scikit-learn-main\sklearn\metrics\_classification.py,"A collection of utility functions for evaluating classification performance, including metrics for accuracy, precision, recall, F1 score, and various loss functions, designed to support binary, multiclass, and multilabel classification tasks while handling edge cases like zero division and imbalanced datasets.",0.8293
\scikit-learn-main\sklearn\metrics\tests\test_common.py,"A comprehensive suite of utility and test functions designed to validate various metrics and their behaviors across different scenarios, including handling of input types, sample weights, dimensionality, and consistency in classification, regression, and multilabel contexts.",\scikit-learn-main\sklearn\metrics\tests\test_ranking.py,"A comprehensive suite of functions and tests designed for evaluating and validating various classification metrics, including ROC AUC, precision-recall curves, label ranking, and top-k accuracy, with specific implementations for handling edge cases, multi-class scenarios, and ensuring consistency across different input formats.",0.8415
\scikit-learn-main\sklearn\metrics\tests\test_ranking.py,"A comprehensive suite of functions and tests designed for evaluating and validating various classification metrics, including ROC AUC, precision-recall curves, label ranking, and top-k accuracy, with specific implementations for handling edge cases, multi-class scenarios, and ensuring consistency across different input formats.",\scikit-learn-main\sklearn\metrics\_classification.py,"A collection of utility functions for evaluating classification performance, including metrics for accuracy, precision, recall, F1 score, and various loss functions, designed to support binary, multiclass, and multilabel classification tasks while handling edge cases like zero division and imbalanced datasets.",0.8260
\scikit-learn-main\sklearn\metrics\tests\test_ranking.py,"A comprehensive suite of functions and tests designed for evaluating and validating various classification metrics, including ROC AUC, precision-recall curves, label ranking, and top-k accuracy, with specific implementations for handling edge cases, multi-class scenarios, and ensuring consistency across different input formats.",\scikit-learn-main\sklearn\metrics\_ranking.py,"A collection of functions for evaluating classification models, including metrics for area under curves (AUC), precision-recall, ranking losses, and discounted cumulative gains (DCG), designed to assess performance across binary, multiclass, and multilabel scenarios.",0.8610
\scikit-learn-main\sklearn\metrics\tests\test_score_objects.py,"A collection of functions and classes designed for testing and validating various machine learning estimators and scoring methods, including dummy estimators, scoring validators, and comprehensive unit tests to ensure proper functionality and error handling across different scenarios.",\scikit-learn-main\sklearn\model_selection\tests\test_validation.py,"The provided content details a series of mock classifiers and testing functions designed to evaluate various machine learning concepts, including learning curves, cross-validation, and scoring mechanisms, while ensuring robustness against invalid inputs and configurations.",0.8107
\scikit-learn-main\sklearn\metrics\tests\test_score_objects.py,"A collection of functions and classes designed for testing and validating various machine learning estimators and scoring methods, including dummy estimators, scoring validators, and comprehensive unit tests to ensure proper functionality and error handling across different scenarios.",\scikit-learn-main\sklearn\model_selection\_validation.py,"A collection of functions for model evaluation and validation, including cross-validation, scoring, and handling fitting errors, designed to enhance the robustness and interpretability of machine learning estimators.",0.8116
\scikit-learn-main\sklearn\metrics\_classification.py,"A collection of utility functions for evaluating classification performance, including metrics for accuracy, precision, recall, F1 score, and various loss functions, designed to support binary, multiclass, and multilabel classification tasks while handling edge cases like zero division and imbalanced datasets.",\scikit-learn-main\sklearn\metrics\_ranking.py,"A collection of functions for evaluating classification models, including metrics for area under curves (AUC), precision-recall, ranking losses, and discounted cumulative gains (DCG), designed to assess performance across binary, multiclass, and multilabel scenarios.",0.8380
\scikit-learn-main\sklearn\mixture\tests\test_bayesian_mixture.py,"A series of test functions designed to validate the correctness and robustness of various components and functionalities within the Bayesian Gaussian Mixture model, including initialization, prediction accuracy, and the relationship between covariance and precision matrices.",\scikit-learn-main\sklearn\mixture\tests\test_gaussian_mixture.py,"The content describes a comprehensive set of functions and test cases for a Gaussian Mixture model, including data generation, parameter validation, likelihood computation, and model fitting, ensuring robustness and accuracy across various configurations and covariance types.",0.8338
\scikit-learn-main\sklearn\mixture\tests\test_bayesian_mixture.py,"A series of test functions designed to validate the correctness and robustness of various components and functionalities within the Bayesian Gaussian Mixture model, including initialization, prediction accuracy, and the relationship between covariance and precision matrices.",\scikit-learn-main\sklearn\mixture\_gaussian_mixture.py,"The content describes various functions and a class related to validating and estimating parameters for a Gaussian mixture model, including checks for weights, means, and precision matrices, as well as methods for estimating covariances and log probabilities, ultimately facilitating model initialization and evaluation through criteria like AIC and BIC.",0.8572
\scikit-learn-main\sklearn\mixture\tests\test_gaussian_mixture.py,"The content describes a comprehensive set of functions and test cases for a Gaussian Mixture model, including data generation, parameter validation, likelihood computation, and model fitting, ensuring robustness and accuracy across various configurations and covariance types.",\scikit-learn-main\sklearn\mixture\_gaussian_mixture.py,"The content describes various functions and a class related to validating and estimating parameters for a Gaussian mixture model, including checks for weights, means, and precision matrices, as well as methods for estimating covariances and log probabilities, ultimately facilitating model initialization and evaluation through criteria like AIC and BIC.",0.9033
\scikit-learn-main\sklearn\model_selection\_search.py,"Classes `ParameterGrid`, `ParameterSampler`, `GridSearchCV`, and `RandomizedSearchCV`: Utilities for systematic exploration and optimization of hyperparameters in machine learning models, enabling both exhaustive and random sampling methods for parameter tuning and model evaluation through cross-validation.",\scikit-learn-main\sklearn\model_selection\_search_successive_halving.py,"Classes and functions for hyperparameter optimization: _SubsampleMetaSplitter subsamples datasets for training/testing; BaseSuccessiveHalving and HalvingGridSearchCV implement successive halving strategies for model evaluation; HalvingRandomSearchCV employs randomized search for optimizing hyperparameters, all featuring initialization, candidate parameter generation, and input validation methods.",0.8185
\scikit-learn-main\sklearn\naive_bayes.py,"The content describes a series of classes and functions related to various Naive Bayes classifiers, including abstract base classes for discrete and continuous data, as well as specific implementations like GaussianNB, MultinomialNB, ComplementNB, BernoulliNB, and CategoricalNB, detailing their methods for fitting models, making predictions, and calculating probabilities and log likelihoods.",\scikit-learn-main\sklearn\tests\test_naive_bayes.py,"A comprehensive suite of functions for generating datasets and testing the functionality, accuracy, and error handling of various Naive Bayes classifiers, including Gaussian, Discrete, Multinomial, Bernoulli, and Complement models, ensuring robustness through extensive unit testing and validation.",0.8737
\scikit-learn-main\sklearn\neighbors\tests\test_lof.py,"A series of test functions designed to evaluate the behavior, performance, and error handling of the Local Outlier Factor (LOF) algorithm across various scenarios, including outlier detection, novelty settings, and data type consistency.",\scikit-learn-main\sklearn\neighbors\_lof.py,"Class `LocalOutlierFactor`: An unsupervised outlier detection algorithm that identifies anomalies in data by measuring local density deviations, with methods for fitting the model, predicting labels for inliers and outliers, and computing outlier scores based on the Local Outlier Factor (LOF) method.",0.8416
\scikit-learn-main\sklearn\neighbors\tests\test_nearest_centroid.py,"Multiple test functions for the NearestCentroid classifier evaluate its performance across various datasets, metrics, and configurations, ensuring correct predictions, handling of edge cases, and proper functioning of serialization and centroid shrinking.",\scikit-learn-main\sklearn\neighbors\_nearest_centroid.py,"Class NearestCentroid: A classifier that assigns test samples to the nearest class centroid using various distance metrics, with methods for initialization, fitting the model, predicting classes, computing discriminant scores, and verifying the metric type.",0.8426
\scikit-learn-main\sklearn\neighbors\tests\test_neighbors.py,"A collection of testing functions and utilities for validating the performance, consistency, and error handling of various nearest neighbor algorithms and metrics, including KNeighbors and RadiusNeighbors classifiers and regressors, across diverse scenarios and data formats.",\scikit-learn-main\sklearn\neighbors\_base.py,"A collection of functions and classes related to nearest neighbors algorithms, including methods for computing weights, validating and sorting distance matrices, performing k-neighbors and radius-based searches, and managing input parameters for machine learning models.",0.8265
\scikit-learn-main\sklearn\neural_network\tests\test_rbm.py,"A series of test functions designed to evaluate various aspects of the Bernoulli Restricted Boltzmann Machine (RBM) on the Xdigits dataset, including fitting, partial fitting, transformation, Gibbs sampling, and consistency of output across different data types and input formats.",\scikit-learn-main\sklearn\neural_network\_rbm.py,"Class BernoulliRBM: A Bernoulli Restricted Boltzmann Machine designed for binary data that implements Stochastic Maximum Likelihood for parameter estimation and includes various methods for data transformation, model fitting, and Gibbs sampling.",0.8054
\scikit-learn-main\sklearn\pipeline.py,"The content describes various functions and classes related to a machine learning pipeline, including methods for fitting, transforming, and validating estimators and transformers, as well as utilities for managing parameters and output formats, ultimately enabling flexible and efficient data processing workflows.",\scikit-learn-main\sklearn\tests\test_pipeline.py,"The provided content describes various classes and functions related to machine learning pipelines and transformers in scikit-learn, including implementations for fitting, transforming, predicting, and scoring data, as well as extensive unit tests to verify the functionality and error handling of these components, ensuring robust behavior in various scenarios.",0.8699
\scikit-learn-main\sklearn\svm\tests\test_svm.py,"A comprehensive suite of test functions that evaluate the performance, behavior, and error handling of various Support Vector Machine (SVM) models, including classifiers and regressors, across multiple datasets and configurations, ensuring correctness in predictions, parameter handling, and model stability.",\scikit-learn-main\sklearn\svm\_base.py,"The provided content describes a comprehensive framework for support vector machine (SVM) classification and regression using the libsvm library, detailing various functions and classes that facilitate model initialization, fitting, prediction, and validation, along with handling specific scenarios such as one-vs-one multiclass classification and probability estimation.",0.8051
\scikit-learn-main\sklearn\svm\_base.py,"The provided content describes a comprehensive framework for support vector machine (SVM) classification and regression using the libsvm library, detailing various functions and classes that facilitate model initialization, fitting, prediction, and validation, along with handling specific scenarios such as one-vs-one multiclass classification and probability estimation.",\scikit-learn-main\sklearn\svm\_classes.py,"The content describes various classes and functions related to support vector machines (SVM) for classification and regression tasks, detailing their initialization, fitting processes, and functionalities for handling hyperparameters, dataset compatibility, and outlier detection.",0.8316
\scikit-learn-main\sklearn\tests\test_common.py,"The provided content includes various test functions and utility functions for validating estimator behavior and compliance in the `sklearn` library, a dummy callable estimator class, and methods for ensuring proper implementation of features like parameter validation and output configuration.",\scikit-learn-main\sklearn\utils\estimator_checks.py,"A comprehensive suite of utility functions and validation checks designed to ensure that various estimators in scikit-learn comply with expected behaviors, handle diverse input types correctly, and maintain compatibility with the library's conventions and requirements.",0.8127
\scikit-learn-main\sklearn\utils\class_weight.py,"Functions `compute_class_weight` and `compute_sample_weight`: Tools for calculating weights to address class imbalance in datasets, offering various configurations for both class and sample weights.",\scikit-learn-main\sklearn\utils\tests\test_class_weight.py,"A series of test functions designed to validate the behavior and correctness of the `compute_class_weight` and `compute_sample_weight` functions across various scenarios, including handling class imbalances, verifying error conditions, and ensuring proper weight calculations for both ordered and unordered classes.",0.8179
\scikit-learn-main\sklearn\utils\estimator_checks.py,"A comprehensive suite of utility functions and validation checks designed to ensure that various estimators in scikit-learn comply with expected behaviors, handle diverse input types correctly, and maintain compatibility with the library's conventions and requirements.",\scikit-learn-main\sklearn\utils\_testing.py,"A comprehensive collection of utility functions and classes designed to manage warnings, test assertions, and implement minimal estimators and transformers in Python, facilitating enhanced control over warnings, consistency checks, and compatibility with scikit-learn's framework.",0.8193
\scikit-learn-main\sklearn\utils\tests\test_indexing.py,"A collection of test functions designed to validate the behavior and error handling of various data indexing, assignment, and resampling methods in Polars and pandas DataFrames, along with a wrapper class for attribute access to a pandas DataFrame.",\scikit-learn-main\sklearn\utils\_indexing.py,"A collection of utility functions for consistent and safe indexing, assignment, and resampling of various data structures, including arrays, pandas DataFrames, and polars, supporting multiple indexing methods and error handling.",0.8030
\scikit-learn-main\sklearn\utils\tests\test_param_validation.py,"The content describes various functions and classes designed for testing validation mechanisms, including constraints and parameter validation, with specific focus on handling different input types and ensuring appropriate behavior in both normal and edge cases.",\scikit-learn-main\sklearn\utils\_param_validation.py,"The content describes a comprehensive validation framework consisting of various classes and functions that enforce type and value constraints on parameters, handle custom exceptions, and provide detailed string representations for different types of constraints, including those for missing values, callable objects, and specific data types.",0.8603
